opis_id,name,city,state
85,DOWNIEVILLE FUEL STOP,Dumont,CO
341,TA JACKSONVILLE SOUTH TRAVEL CENTER,Saint Johns,FL
368,WILTON TRAVEL PLAZA,Gansevoort,NY
455,MR FUEL #753,Ruther Glen,VA
491,One9 #403,Heiskell,TN
1414,SAC SHOP #507,Breezewood,PA
1560,CATTREZ,Irving,NY
1944,LOVES TRAVEL STOPS #399,Lambsburg,VA
2022,GO MART FOOD STORE #86,Ivydale,WV
2182,PILOT TRAVEL CENTER #4649,Raphine,VA
2192,GO MART FOOD STORE #51,Mount Nebo,WV
2923,LOVES TRAVEL STOPS #435,Ruther Glen,VA
2982,CIRCLE K #2723726,Knoxville,AL
3702,BEARS DEN TRADING POST #101,Hogansburg,NY
3737,JORDAN'S KWIK STOP #70,West Helena,AR
4101,E-Z MART #4411,Pryor,OK
4204,PILOT TRAVEL CENTERS #415,Rising Fawn,GA
4211,FLYING J #513,Jean,NV
4368,HOODS SERVICE CENTER,Bois D Arc,MO
5163,Blue Sky #733,Belden,MS
5170,FLYING J #516,Breezewood,PA
5254,TA CANDLER TRAVEL CENTER,Candler,NC
5464,PILOT TRAVEL CENTERS #48,Glendale,KY
5651,LOVES TRAVEL STOP #303,Waddy,KY
5771,DUNES AUTO TRUCK PLAZA,Sawyer,MI
5780,BILLS TRUCKSTOP,Linwood,NC
6215,FUEL HUB,West Coxsackie,NY
6607,TRANSIT TRUCK STOP,Millersville,MD
7005,PETRO STOPPING CENTER,Raphine,VA
7072,TA ANTIOCH TRAVEL CENTER,Antioch,TN
7078,TA DENMARK TRAVEL CENTER,Denmark,TN
7131,TA BREEZEWOOD TRAVEL CENTER,Breezewood,PA
7132,Terrible Herbst dba/One9 #1395,Jean,NV
7213,SENECA ONE STOP,Irving,NY
7220,CUMBERLAND FARMS #001662,Glenmont,NY
7335,TA SAWYER TRAVEL CENTER,Sawyer,MI
9280,ONVO TRAVEL PLAZA - LAKEWOOD,Greentown,PA
9528,GO MART FOOD STORE #43,Teays,WV
9959,FLYING J #876,Ruther Glen,VA
10014,Sudden Service #6604,Nashville,TN
10015,Loves Travel Stop #429,Nashville,TN
20062,PILOT TRAVEL CENTERS #298,Drums,PA
20070,ONVO TRAVEL PLAZA - PROMISED LAND,Tafton,PA
52155,TA SOUTHINGTON TRAVEL CENTER,Milldale,CT
52367,DOSWELL TRUCK STOP,Doswell,VA
52400,PILOT TRAVEL CENTERS #324,Franksville,WI
52591,FLYING J TRAVEL PLAZA #749,Ruther Glen,VA
52667,EXPRESS LANE TRAVEL CENTER,Lawrence,MS
52680,PILOT TRAVEL CENTER #91,Saint Johns,FL
60250,ELIZABETH TRUCK STOP,Elizabethport,NJ
60791,MARATHON #9,Macon,GA
60839,FREEDOM OIL #18,Edwards,IL
61021,WESTOVER GOOSE CREEK,Westover,MD
61030,HAGGERTY JOY MOBIL,Canton,MI
61291,FLEMING OIL FOOD MART,West Chesterfield,NH
61570,7-ELEVEN #40276,Waterfall,PA
61806,LANKFORD TRUCK PLAZA,Townsend,VA
62550,Sunoco,New Boston,MI
62559,EXPRESS FOOD DEPOT,Smiths Creek,MI
62850,GANSEVOORT MINI MART,Gansevoort,NY
62991,ONVO TRAVEL PLAZA,Lake Ariel,PA
63455,FLYING J TRAVEL PLAZA #752,Clear Brook,VA
63581,CASEYS #4453,Lexington,KY
63605,FLYING J TRAVEL PLAZA #663,Waddy,KY
63747,PILOT TRAVEL CENTERS #440,Pendleton,KY
63754,U SAVE TRAVEL PLAZA,Mount Nebo,WV
63766,PILOT TRAVEL CENTERS #26,Ottawa Lake,MI
63812,PETRO STOPPING CENTER #330,Glendale,KY
63910,OGMULGEE CHEVRON #419,Macon,GA
63915,HIGHWAY 80 CHEVRON,Midland,GA
64063,Mobil,North Oxford,MA
64083,BIG DADDYS TRUCKSTOP,Ottawa Lake,MI
64274,RUTTERS #53,Etters,PA
64287,CIRCLE K #2703099,Batesburg,SC
64301,HILLVIEW TRUCK STOP,Leesville,SC
64307,CIRCLE K #2723876,Round O,SC
64523,SKY CITY TRAVEL CENTER,Pueblo Of Acoma,NM
64526,PILOT TRAVEL CENTERS #53,Hurricane Mills,TN
64527,PILOT TRAVEL CENTERS #50,Pendleton,KY
64554,FACKLER TEXACO TRUCK STOP,Fackler,AL
64825,EXIT 10 AUTO AND TRUCK STOP,Fortson,GA
64980,DOUBLE KWIK MARKET #1044,Isom,KY
65067,SUNOCO,Newburg,MD
65178,WILD BILLS TRAVEL CENTER,Ridgedale,MO
65377,PETROL 9 W,Glenmont,NY
65379,MIRABITO #74,Harpursville,NY
65381,NATIVE PRIDE,Irving,NY
65552,A PLUS MINI MARKET,Feasterville Trevose,PA
65759,XPRESS STOP,Cross Junction,VA
65804,KWIK TRIP #628,Larsen,WI
65989,DANCING EAGLE,Casa Blanca,NM
66069,128 NEWTON GAS,Newton Lower Falls,MA
66078,Amoco,Hartford,TN
66182,CIRCLE K #2706708,Midland,GA
66285,QUIKTRIP #787,Ellenwood,GA
66323,PILOT TRAVEL CENTERS #905- TOWN PUMP,Milltown,MT
66406,LOVES TRAVEL STOPS #317,Skippers,VA
66504,COUNTRY BOYS COUNTRY STORE,Hankamer,TX
66512,MARATHON #1554,Newport,MI
66529,7-ELEVEN #36076,Hamptonville,NC
66547,OLD STONE JIFFY MART,Clear Brook,VA
66734,Marathon,Ellenwood,GA
66776,S&G #77,Alvada,OH
66863,101 TRAVEL PLAZA,Cedar Grove,TN
66945,PILOT TRAVEL CENTERS #159,Providence Forge,VA
67070,CASEYS #4225,Nashville,TN
67305,RELAY STATION,Bethany,LA
67370,CIRCLE M #43,Rabun Gap,GA
67617,Twice Daily Convenience Store #8046,Joelton,TN
67644,PARKERS #31 (DISCOUNT AVAILABLE),Ellabell,GA
67820,CIRCLE K #2723487,Supply,NC
67850,SMILEYS FUEL CITY,Raphine,VA
68009,CIRCLE K #2741779,Hot Springs National Park,AR
68174,MIRABITO #42,Castle Creek,NY
68378,PILOT TRAVEL CENTERS #596,Smiths Creek,MI
68845,PILOT TRAVEL CENTER #4651,Skippers,VA
68873,ONVO TRAVEL PLAZA - MOUNTAIN COBB,Lake Ariel,PA
68897,TA CARYVILLE,Pioneer,TN
68927,MARATHON,Rosedale,VA
68941,ALLTOWN MARKETS #2743,North Billerica,MA
69007,SPEEDWAY #7136,Nashville,TN
69021,SWEET CRUDE TRAVEL CENTER,Grassy Butte,ND
69146,DRUMS FUEL STOP,Drums,PA
69416,CIRCLE K #2740541,Roans Prairie,TX
69417,LOVLEN FOODS,Drewryville,VA
69563,SPEEDWAY #9651,Lexington,KY
69666,7-ELEVEN #40587,Maxwell,TX
69682,PILOT #1577,Pioneer,TN
69865,7-ELEVEN #40036,Lanexa,VA
69944,TRUCK WORLD,North Jackson,OH
69947,THORNTONS #607,Antioch,TN
69957,LOVES TRAVE STOP #698,Macon,GA
70041,LOVES TRAVEL STOP #705,Providence Forge,VA
70090,SPEEDWAY #7111,Hurricane Mills,TN
70155,MARATHON,Redford,MI
70164,ONVO TRAVEL PLAZA - BLAKESLEE,Blakeslee,PA
70183,PILOT # 1134,Orla,TX
70349,WEIGELS #90,Kodak,TN
70447,84 QUIK STOP,New Hampton,NY
70454,DANDY MINI MART #36,Monroeton,PA
70463,CIRCLE K #2741496,Chappell Hill,TX
70479,CROSSROADS MARKET,Gladstone,VA
70538,SPEEDWAY #9329,Waddy,KY
70563,PILOT DEALER #1234,Willow Beach,AZ
70597,SPEEDWAY #9394,Lexington,KY
70787,LOVES TRAVEL STOP #778,Ellabell,GA
70895,QUARLES #4011/SHELL,Woodford,VA
70912,QUARLES #4411,Curtis Bay,MD
70916,TA Express White Hills,Willow Beach,AZ
70918,QUARLES #4417,Curtis Bay,MD
70966,QUARLES #4927,Chesterfield,VA
70971,QUARLES #4932,Rockville,VA
70980,QUARLES #4938,Gum Spring,VA
70982,EXXON/QUARLES #4942,Quinton,VA
70983,QUARLES #4943,Henrico,VA
70996,QUARLES #4912,Troy,VA
71004,QUARLES #4924,Doswell,VA
71066,Circle K #2745067,Macon,GA
71080,BIG INDIAN SMOKE SHOP,Irving,NY
71114,SHEETZ #672,Woodford,VA
71164,DANDY MINI MART #59,Middlebury Center,PA
71188,QUIKTRIP #1722,Macon,GA
71242,LAST STOP TRAVEL CENTER,Willow Beach,AZ
71259,LOVES TRAVEL STOP #846,Irvington,AL
71260,LOVES TRAVEL STOP #881,Diamond,OH
71271,MAVERIK COUNTRY STORE #672,Dewey,AZ
71310,CIRCLE K #2722120,Summerfield,FL
71361,ALLSUPS CONVENIENCE STORE #2358,Wall,TX
71596,ALLSUPS #2379,Tinnie,NM
71655,79 ONE STOP,Saint Croix,IN
71689,KWIK TRIP #1108,Colgate,WI
71822,DK,Lenorah,TX
71838,RUTTERS #24,Brogue,PA
71995,Chevron,Clines Corners,NM
72101,EXXON,Redford,MI
72219,QUICK FILL,Eastaboga,AL
72240,ROYAL FARMS #191,Hunt Valley,MD
72242,ROYAL FARMS #311,Nottingham,MD
72291,Union 76,Mc Alpin,FL
72400,HAN DEE HUGOS #21,Winnabow,NC
72447,SHEETZ #689,Henrico,VA
72595,CIRCLE K #2654400,Kearneysville,WV
72648,Loves Travel Stop #873,Canon City,CO
72696,QUIKTRIP #1742,Macon,GA
72742,Racetrac #2612,Ellenwood,GA
72782,SHEETZ #791,North Jackson,OH
72804,7-Eleven #42174,Nashville,TN
72993,H AND R OIL COMPANY,Lexington,KY
73088,Pilot Travel Center #1390,Ellabell,GA
